{"cameraMode":{"drawMode":0,"name":"Shaded","section":"Shading Mode"},"sceneLighting":true,"audioPlay":false,"sceneViewState":{"showFog":true,"showMaterialUpdate":false,"showSkybox":true,"showFlares":true,"showImageEffects":true,"showParticleSystems":true},"in2DMode":false,"pivot":{"x":-0.28349924087524416,"y":0.7072346210479736,"z":2.490000009536743},"rotation":{"x":0.6975476741790772,"y":0.145335853099823,"z":0.6859206557273865,"w":-0.14781178534030915},"size":4.657884120941162,"orthographic":false}